{"type":"formulaV2","widget_type":"response","reference":"044383ae-f1c8-4804-b500-a393c5bca5d2","data":{"is_math":true,"stimulus":"Lori has 15 apples. Jack has 10. The ratio of Lori's apples to Jack's apples is:","template":"{{response}}:{{response}}","type":"formulaV2","validation":{"scoring_type":"exactMatch","valid_response":{"score":1,"value":[{"method":"isSimplified","options":[]}]}},"ui_style":{"type":"floating-keyboard"},"feedback_attempts":2,"instant_feedback":true,"metadata":{"correct_feedback":"That's right!","incorrect_feedback":"That is incorrect."}},"metadata":null}