{"type":"mcq","widget_type":"response","reference":"1313469c-717d-4a03-b4c3-9abca1e1a7a4","data":{"multiple_responses":true,"options":[{"label":"\u003cp\u003e    Houston, TX\u003c/p\u003e\n\n\u003cp\u003e\u003cimg height=\"130\" src=\"___EXPORT_ROOT___/assets/75c7978f-a23a-48fd-89ff-e80e54a21e1e.png\" width=\"130\"\u003e\u003c/p\u003e\n","value":"1"},{"label":"\u003cp\u003eBaton Rouge, LA\u003c/p\u003e\n\n\u003cp\u003e\u003cimg height=\"104\" src=\"___EXPORT_ROOT___/assets/75a4ef3c-2222-49f8-9e36-e3aacb6e79a4.png\" width=\"100\"\u003e\u003c/p\u003e\n","value":"2"},{"label":"\u003cp\u003eOlympia, WA\u003c/p\u003e\n\n\u003cp\u003e\u003cimg height=\"96\" src=\"___EXPORT_ROOT___/assets/9b2fb9c7-a942-437a-b156-91374fbb7006.jpg\" width=\"150\"\u003e\u003c/p\u003e\n","value":"3"}],"stimulus":"Select all the correct state capitals.","type":"mcq","validation":{"scoring_type":"partialMatch","valid_response":{"score":2,"value":["2","3"]}},"metadata":{"correct_feedback":"Nice job, that's correct!","incorrect_feedback":"That's incorrect, try again."},"ui_style":{"type":"horizontal","columns":3,"orientation":"horizontal"}},"metadata":{"name":"Multiple choice – standard","template_reference":"9e8149bd-e4d8-4dd6-a751-1a113a4b9163"}}