{"type":"mcq","widget_type":"response","reference":"1313469c-717d-4a03-b4c3-9abca1e1a7a4","data":{"multiple_responses":true,"options":[{"label":"\u003cp\u003e    Houston, TX\u003c/p\u003e\n\n\u003cp\u003e\u003cimg height=\"130\" src=\"___EXPORT_ROOT___/assets/7ef85a39-d14a-4873-bc67-6c6005c73c5a.png\" width=\"130\"\u003e\u003c/p\u003e\n","value":"1"},{"label":"\u003cp\u003eBaton Rouge, LA\u003c/p\u003e\n\n\u003cp\u003e\u003cimg height=\"104\" src=\"___EXPORT_ROOT___/assets/8b76c2b8-6990-4946-823c-64e99d333306.png\" width=\"100\"\u003e\u003c/p\u003e\n","value":"2"},{"label":"\u003cp\u003eOlympia, WA\u003c/p\u003e\n\n\u003cp\u003e\u003cimg height=\"96\" src=\"___EXPORT_ROOT___/assets/263c9adb-928e-48db-8eec-a64f659807a8.jpg\" width=\"150\"\u003e\u003c/p\u003e\n","value":"3"}],"stimulus":"Select all the correct state capitals.","type":"mcq","validation":{"scoring_type":"exactMatch","valid_response":{"score":2,"value":["2","3"]}},"metadata":{"correct_feedback":"Nice job, that's correct!","incorrect_feedback":"That's incorrect, try again."},"ui_style":{"type":"horizontal","columns":3,"orientation":"horizontal"}},"metadata":null}