{"type":"tokenhighlight","widget_type":"response","reference":"16e38c2e-d0d0-49e9-b287-57392ecea0b9","data":{"stimulus":"Highlight the adjectives.","template":"\u003cspan class=\"lrn_token\"\u003eIt\u003c/span\u003e \u003cspan class=\"lrn_token\"\u003ewas\u003c/span\u003e \u003cspan class=\"lrn_token\"\u003ethe\u003c/span\u003e \u003cspan class=\"lrn_token\"\u003ebest\u003c/span\u003e \u003cspan class=\"lrn_token\"\u003eof\u003c/span\u003e \u003cspan class=\"lrn_token\"\u003etimes\u003c/span\u003e, \u003cspan class=\"lrn_token\"\u003eit\u003c/span\u003e \u003cspan class=\"lrn_token\"\u003ewas\u003c/span\u003e \u003cspan class=\"lrn_token\"\u003ethe\u003c/span\u003e \u003cspan class=\"lrn_token\"\u003eworst\u003c/span\u003e \u003cspan class=\"lrn_token\"\u003eof\u003c/span\u003e \u003cspan class=\"lrn_token\"\u003etimes\u003c/span\u003e, \u003cspan class=\"lrn_token\"\u003eit\u003c/span\u003e \u003cspan class=\"lrn_token\"\u003ewas\u003c/span\u003e \u003cspan class=\"lrn_token\"\u003ethe\u003c/span\u003e \u003cspan class=\"lrn_token\"\u003eage\u003c/span\u003e \u003cspan class=\"lrn_token\"\u003eof\u003c/span\u003e \u003cspan class=\"lrn_token\"\u003ewisdom\u003c/span\u003e, \u003cspan class=\"lrn_token\"\u003eit\u003c/span\u003e \u003cspan class=\"lrn_token\"\u003ewas\u003c/span\u003e \u003cspan class=\"lrn_token\"\u003ethe\u003c/span\u003e \u003cspan class=\"lrn_token\"\u003eage\u003c/span\u003e \u003cspan class=\"lrn_token\"\u003eof\u003c/span\u003e \u003cspan class=\"lrn_token\"\u003efoolishness\u003c/span\u003e, \u003cspan class=\"lrn_token\"\u003eit\u003c/span\u003e \u003cspan class=\"lrn_token\"\u003ewas\u003c/span\u003e \u003cspan class=\"lrn_token\"\u003ethe\u003c/span\u003e \u003cspan class=\"lrn_token\"\u003eepoch\u003c/span\u003e \u003cspan class=\"lrn_token\"\u003eof\u003c/span\u003e \u003cspan class=\"lrn_token\"\u003ebelief\u003c/span\u003e, \u003cspan class=\"lrn_token\"\u003eit\u003c/span\u003e \u003cspan class=\"lrn_token\"\u003ewas\u003c/span\u003e \u003cspan class=\"lrn_token\"\u003ethe\u003c/span\u003e \u003cspan class=\"lrn_token\"\u003eepoch\u003c/span\u003e \u003cspan class=\"lrn_token\"\u003eof\u003c/span\u003e \u003cspan class=\"lrn_token\"\u003eincredulity\u003c/span\u003e, \u003cspan class=\"lrn_token\"\u003eit\u003c/span\u003e \u003cspan class=\"lrn_token\"\u003ewas\u003c/span\u003e \u003cspan class=\"lrn_token\"\u003ethe\u003c/span\u003e \u003cspan class=\"lrn_token\"\u003eseason\u003c/span\u003e \u003cspan class=\"lrn_token\"\u003eof\u003c/span\u003e \u003cspan class=\"lrn_token\"\u003eLight\u003c/span\u003e, \u003cspan class=\"lrn_token\"\u003eit\u003c/span\u003e \u003cspan class=\"lrn_token\"\u003ewas\u003c/span\u003e \u003cspan class=\"lrn_token\"\u003ethe\u003c/span\u003e \u003cspan class=\"lrn_token\"\u003eseason\u003c/span\u003e \u003cspan class=\"lrn_token\"\u003eof\u003c/span\u003e \u003cspan class=\"lrn_token\"\u003eDarkness\u003c/span\u003e, \u003cspan class=\"lrn_token\"\u003eit\u003c/span\u003e \u003cspan class=\"lrn_token\"\u003ewas\u003c/span\u003e \u003cspan class=\"lrn_token\"\u003ethe\u003c/span\u003e \u003cspan class=\"lrn_token\"\u003espring\u003c/span\u003e \u003cspan class=\"lrn_token\"\u003eof\u003c/span\u003e \u003cspan class=\"lrn_token\"\u003ehope\u003c/span\u003e, \u003cspan class=\"lrn_token\"\u003eit\u003c/span\u003e \u003cspan class=\"lrn_token\"\u003ewas\u003c/span\u003e \u003cspan class=\"lrn_token\"\u003ethe\u003c/span\u003e \u003cspan class=\"lrn_token\"\u003ewinter\u003c/span\u003e \u003cspan class=\"lrn_token\"\u003eof\u003c/span\u003e \u003cspan class=\"lrn_token\"\u003edespair\u003c/span\u003e, \u003cspan class=\"lrn_token\"\u003ewe\u003c/span\u003e \u003cspan class=\"lrn_token\"\u003ehad\u003c/span\u003e \u003cspan class=\"lrn_token\"\u003eeverything\u003c/span\u003e \u003cspan class=\"lrn_token\"\u003ebefore\u003c/span\u003e \u003cspan class=\"lrn_token\"\u003eus\u003c/span\u003e, \u003cspan class=\"lrn_token\"\u003ewe\u003c/span\u003e \u003cspan class=\"lrn_token\"\u003ehad\u003c/span\u003e \u003cspan class=\"lrn_token\"\u003enothing\u003c/span\u003e \u003cspan class=\"lrn_token\"\u003ebefore\u003c/span\u003e \u003cspan class=\"lrn_token\"\u003eus\u003c/span\u003e, \u003cspan class=\"lrn_token\"\u003ewe\u003c/span\u003e \u003cspan class=\"lrn_token\"\u003ewere\u003c/span\u003e \u003cspan class=\"lrn_token\"\u003eall\u003c/span\u003e \u003cspan class=\"lrn_token\"\u003egoing\u003c/span\u003e \u003cspan class=\"lrn_token\"\u003edirect\u003c/span\u003e \u003cspan class=\"lrn_token\"\u003eto\u003c/span\u003e \u003cspan class=\"lrn_token\"\u003eHeaven\u003c/span\u003e, \u003cspan class=\"lrn_token\"\u003ewe\u003c/span\u003e \u003cspan class=\"lrn_token\"\u003ewere\u003c/span\u003e \u003cspan class=\"lrn_token\"\u003eall\u003c/span\u003e \u003cspan class=\"lrn_token\"\u003egoing\u003c/span\u003e \u003cspan class=\"lrn_token\"\u003edirect\u003c/span\u003e \u003cspan class=\"lrn_token\"\u003ethe\u003c/span\u003e \u003cspan class=\"lrn_token\"\u003eother\u003c/span\u003e \u003cspan class=\"lrn_token\"\u003eway\u003c/span\u003e \u003cspan class=\"lrn_token\"\u003e—\u003c/span\u003e \u003cspan class=\"lrn_token\"\u003ein\u003c/span\u003e \u003cspan class=\"lrn_token\"\u003eshort\u003c/span\u003e, \u003cspan class=\"lrn_token\"\u003ethe\u003c/span\u003e \u003cspan class=\"lrn_token\"\u003eperiod\u003c/span\u003e \u003cspan class=\"lrn_token\"\u003ewas\u003c/span\u003e \u003cspan class=\"lrn_token\"\u003eso\u003c/span\u003e \u003cspan class=\"lrn_token\"\u003efar\u003c/span\u003e \u003cspan class=\"lrn_token\"\u003elike\u003c/span\u003e \u003cspan class=\"lrn_token\"\u003ethe\u003c/span\u003e \u003cspan class=\"lrn_token\"\u003epresent\u003c/span\u003e \u003cspan class=\"lrn_token\"\u003eperiod\u003c/span\u003e, \u003cspan class=\"lrn_token\"\u003ethat\u003c/span\u003e \u003cspan class=\"lrn_token\"\u003esome\u003c/span\u003e \u003cspan class=\"lrn_token\"\u003eof\u003c/span\u003e \u003cspan class=\"lrn_token\"\u003eits\u003c/span\u003e \u003cspan class=\"lrn_token\"\u003enoisiest\u003c/span\u003e \u003cspan class=\"lrn_token\"\u003eauthorities\u003c/span\u003e \u003cspan class=\"lrn_token\"\u003einsisted\u003c/span\u003e \u003cspan class=\"lrn_token\"\u003eon\u003c/span\u003e \u003cspan class=\"lrn_token\"\u003eits\u003c/span\u003e \u003cspan class=\"lrn_token\"\u003ebeing\u003c/span\u003e \u003cspan class=\"lrn_token\"\u003ereceived\u003c/span\u003e, \u003cspan class=\"lrn_token\"\u003efor\u003c/span\u003e \u003cspan class=\"lrn_token\"\u003egood\u003c/span\u003e \u003cspan class=\"lrn_token\"\u003eor\u003c/span\u003e \u003cspan class=\"lrn_token\"\u003efor\u003c/span\u003e \u003cspan class=\"lrn_token\"\u003eevil\u003c/span\u003e, \u003cspan class=\"lrn_token\"\u003ein\u003c/span\u003e \u003cspan class=\"lrn_token\"\u003ethe\u003c/span\u003e \u003cspan class=\"lrn_token\"\u003esuperlative\u003c/span\u003e \u003cspan class=\"lrn_token\"\u003edegree\u003c/span\u003e \u003cspan class=\"lrn_token\"\u003eof\u003c/span\u003e \u003cspan class=\"lrn_token\"\u003ecomparison\u003c/span\u003e \u003cspan class=\"lrn_token\"\u003eonly\u003c/span\u003e.","tokenization":"custom","type":"tokenhighlight","validation":{"scoring_type":"exactMatch","valid_response":{"score":13,"value":[3,9,17,23,35,41,47,53,59,92,101,109,112]}},"metadata":{"correct_feedback":"That's correct! Nice job.","incorrect_feedback":"That's not right, try again."},"feedback_attempts":5,"instant_feedback":true},"metadata":null}