{"type":"mcq","widget_type":"response","reference":"19040073-8ed5-416f-b908-90f23aaa12fa","data":{"options":[{"label":"\u003cimg height=\"20\" src=\"___EXPORT_ROOT___/assets/6e28e584-87d5-49fb-a2c1-2524da0883c1.png\" width=\"20\"\u003e Red","value":"0"},{"label":"\u003cimg height=\"20\" src=\"___EXPORT_ROOT___/assets/441cf1f9-e57a-4d0f-aa4b-0c9c957a46ef.png\" width=\"20\"\u003e Violet","value":"1"},{"label":"\u003cimg height=\"20\" src=\"___EXPORT_ROOT___/assets/79091b9c-7f71-48ea-9714-bfd58db3c671.png\" width=\"20\"\u003e Blue","value":"2"},{"label":"\u003cimg height=\"20\" src=\"___EXPORT_ROOT___/assets/e41ac899-8c5a-48f8-afd2-ad7cc16cfbed.png\" width=\"20\"\u003e Orange","value":"3"}],"stimulus":"Which of these colors have the smallest wavelength?\u0026nbsp;","type":"mcq","validation":{"scoring_type":"exactMatch","valid_response":{"score":1,"value":["1"]}},"metadata":{"correct_feedback":"That's correct!","incorrect_feedback":"That's incorrect, try again."},"ui_style":{"type":"horizontal"},"feedback_attempts":2,"instant_feedback":true},"metadata":null}