{"type":"mcq","widget_type":"response","reference":"19040073-8ed5-416f-b908-90f23aaa12fa","data":{"options":[{"label":"\u003cimg height=\"20\" src=\"___EXPORT_ROOT___/assets/9218477e-2f58-45ec-9c77-e879db6b4771.png\" width=\"20\"\u003e Red","value":"0"},{"label":"\u003cimg height=\"20\" src=\"___EXPORT_ROOT___/assets/21b1e269-261c-432e-a6e9-fb96e653ee11.png\" width=\"20\"\u003e Violet","value":"1"},{"label":"\u003cimg height=\"20\" src=\"___EXPORT_ROOT___/assets/8e7e0052-1c68-425e-9aed-1851684babe1.png\" width=\"20\"\u003e Blue","value":"2"},{"label":"\u003cimg height=\"20\" src=\"___EXPORT_ROOT___/assets/ab520f83-47b0-405a-baf3-588b639bafd6.png\" width=\"20\"\u003e Orange","value":"3"}],"stimulus":"Which of these colors have the smallest wavelength?\u0026nbsp;","type":"mcq","validation":{"scoring_type":"exactMatch","valid_response":{"score":1,"value":["1"]}},"metadata":{"correct_feedback":"That's correct!","incorrect_feedback":"That's incorrect, try again."},"ui_style":{"type":"horizontal"},"feedback_attempts":2,"instant_feedback":true},"metadata":{"name":"Multiple choice – standard","template_reference":"9e8149bd-e4d8-4dd6-a751-1a113a4b9163"}}