{"type":"formulaV2","widget_type":"response","reference":"1df61f13-5390-485d-9e29-77af4f4d8552","data":{"is_math":true,"stimulus":"\u003cp\u003e\u0026nbsp;\u003c/p\u003e\n\n\u003cp\u003eFind other expressions that are equal to\u0026nbsp;(x+3)(x+1)\u003c/p\u003e\n","type":"formulaV2","validation":{"scoring_type":"exactMatch","valid_response":{"score":1,"value":[{"method":"equivSymbolic","options":{"inverseResult":false,"decimalPlaces":10},"value":"3+2+4x"}]},"alt_responses":[{"score":1,"value":[{"method":"equivSymbolic","value":"x\\left(x+4\\right)+3","options":{"decimalPlaces":10}}]},{"score":1,"value":[{"method":"equivSymbolic","value":"x^2+4x+3","options":{"decimalPlaces":10}}]}]},"metadata":{"correct_feedback":"That's correct! Nice job.","incorrect_feedback":"That's incorrect, try again."},"ui_style":{"type":"floating-keyboard"},"feedback_attempts":2,"instant_feedback":true},"metadata":{"name":"Math formula","template_reference":"e3a30485-ab2d-4ee8-9d0c-5749e96816c1"}}