{"type":"orderlist","widget_type":"response","reference":"3e0af435-eca8-4e7b-b829-989c7c312356","data":{"list":["\u003cimg height=\"46\" src=\"___EXPORT_ROOT___/assets/27463da7-09bc-4aec-8baf-eed4685bee5d.jpg\" width=\"90\"\u003e The Black Plague swept through Asia and Europe ","\u003cimg height=\"87\" src=\"___EXPORT_ROOT___/assets/78558750-18d0-4203-b5e4-d68848e694fa.jpg\" width=\"75\"\u003e The printing press was invented","\u003cimg height=\"55\" src=\"___EXPORT_ROOT___/assets/b47984c0-9ec7-4a8e-8aa3-bb563d23048c.jpg\" width=\"90\"\u003e Ice Age ends","\u003cimg height=\"51\" src=\"___EXPORT_ROOT___/assets/fc9128c4-5136-47d0-97b9-1d65be008e5b.jpg\" width=\"90\"\u003e Electricity was invented"],"stimulus":"Order these events chronologically with the \u003cstrong\u003eoldest\u003c/strong\u003e events at the \u003cstrong\u003etop\u003c/strong\u003e.","type":"orderlist","validation":{"scoring_type":"partialMatch","valid_response":{"score":4,"value":[2,0,1,3]}},"metadata":{"correct_feedback":"Nice job!","incorrect_feedback":"You might want to read a history book. Try again."},"feedback_attempts":2,"instant_feedback":true,"shuffle_options":true},"metadata":{"name":"Order list","template_reference":"0c7f68f7-2be6-4ae0-8492-0ab78c8d0010"}}