{"type":"orderlist","widget_type":"response","reference":"3e0af435-eca8-4e7b-b829-989c7c312356","data":{"list":["\u003cimg height=\"46\" src=\"___EXPORT_ROOT___/assets/15792835-2d75-4a48-a6ed-2a48fbdcd739.jpg\" width=\"90\"\u003e The Black Plague swept through Asia and Europe ","\u003cimg height=\"87\" src=\"___EXPORT_ROOT___/assets/635c192b-2c68-4ba9-bc31-16970296c2dc.jpg\" width=\"75\"\u003e The printing press was invented","\u003cimg height=\"55\" src=\"___EXPORT_ROOT___/assets/89f63bc3-4469-465f-b4cb-6d62e27b1e9e.jpg\" width=\"90\"\u003e Ice Age ends","\u003cimg height=\"51\" src=\"___EXPORT_ROOT___/assets/215fdf1a-2dd4-4e8f-a86f-7c8b59c62c85.jpg\" width=\"90\"\u003e Electricity was invented"],"stimulus":"Order these events chronologically with the \u003cstrong\u003eoldest\u003c/strong\u003e events at the \u003cstrong\u003etop\u003c/strong\u003e.","type":"orderlist","validation":{"scoring_type":"exactMatch","valid_response":{"score":4,"value":[2,0,1,3]}},"metadata":{"correct_feedback":"Nice job!","incorrect_feedback":"You might want to read a history book. Try again."},"feedback_attempts":2,"instant_feedback":true,"shuffle_options":true},"metadata":null}