{"type":"choicematrix","widget_type":"response","reference":"49b2b03d-cc72-42d6-aa1f-b9861f30c343","data":{"options":["True","False"],"stems":["Sydney is the capital city of Australia.","The Great Barrier Reef is regarded as the world's largest living organism","There are five\u0026nbsp;times as many sheep than people living in Australia"],"stimulus":"Which statement\u0026nbsp;is\u0026nbsp;true.","type":"choicematrix","ui_style":{"stem_numeration":"upper-alpha","type":"table","horizontal_lines":false},"validation":{"scoring_type":"exactMatch","valid_response":{"score":1,"value":[[1],[0],[1]]}},"metadata":{"correct_feedback":"That's correct! Nice job.","incorrect_feedback":"That's incorrect, try again."},"feedback_attempts":2,"instant_feedback":true},"metadata":{"name":"Choice matrix – standard","template_reference":"14b7af71-e146-4747-aae5-ca71618a5038"}}