{"type":"formulaV2","widget_type":"response","reference":"57767e10-a3b7-4857-be50-7278e3086724","data":{"is_math":true,"type":"formulaV2","validation":{"scoring_type":"exactMatch","valid_response":{"score":1,"value":[{"method":"equivSymbolic","options":{"inverseResult":false,"decimalPlaces":10},"value":"\\$20"}]}},"metadata":{"correct_feedback":"Nice","incorrect_feedback":"That's wrong."},"ui_style":{"type":"floating-keyboard"},"feedback_attempts":2,"instant_feedback":true,"template":"\\ \\${{response}}","stimulus":"Barb has $10. How much money does Allen have?"},"metadata":{"name":"Math formula","template_reference":"e3a30485-ab2d-4ee8-9d0c-5749e96816c1"}}