{"type":"formulaV2","widget_type":"response","reference":"5bd3ba4c-941d-4925-8ffc-b1b15f49fc53","data":{"is_math":true,"template":"\\begin{bmatrix}1\u00262\\\\3\u00264\\end{bmatrix}+\\begin{bmatrix}8\u00265\\\\1\u00262\\end{bmatrix}=\\begin{bmatrix}{{response}}\u0026{{response}}\\\\{{response}}\u0026{{response}}\\end{bmatrix}","symbols":["matrices","general","qwerty"],"type":"formulaV2","validation":{"scoring_type":"exactMatch","valid_response":{"score":4,"value":[{"method":"isTrue","options":{"decimalPlaces":10}}]},"penalty":1},"metadata":{"hints":["Add the corresponding elements:\u0026nbsp;\\(\\begin{bmatrix}9\u0026amp;7\\\\4\u0026amp;6\\end{bmatrix}\\)"],"correct_feedback":"That's correct!","incorrect_feedback":"Nope, that's incorrect."},"ui_style":{"type":"floating-keyboard"},"feedback_attempts":2,"instant_feedback":true,"stimulus":"Complete the matrix."},"metadata":null}