{"type":"formulaV2","widget_type":"response","reference":"691d02b6-8764-4c85-9fee-aef53050dc79","data":{"is_math":true,"stimulus":"Enter any value, such that the value is equal to 5\\(\\text{m}\\). You may use\u0026nbsp;\\(\\text{km},\\ \\text{cm},\\ \\text{ft},\\ \\text{in}\\)\u0026nbsp;or other units (rounded to two decimal places).","symbols":["units_si","units_us","qwerty"],"type":"formulaV2","validation":{"scoring_type":"exactMatch","valid_response":{"score":1,"value":[{"method":"equivSymbolic","options":{"inverseResult":false,"decimalPlaces":10},"value":"0.005\\text{km}"}]},"alt_responses":[{"score":1,"value":[{"method":"equivSymbolic","value":"500\\text{cm}","options":{"decimalPlaces":10}}]},{"score":1,"value":[{"method":"equivSymbolic","value":"5000\\text{mm}","options":{"decimalPlaces":10}}]},{"score":1,"value":[{"method":"equivSymbolic","value":"16.40\\text{ft}","options":{"decimalPlaces":10}}]},{"score":1,"value":[{"method":"equivSymbolic","value":"196.8\\ \\text{in}","options":{"decimalPlaces":10}}]}]},"text_blocks":["g","kg","mg","m","km","cm","mm","L","mL","s","ms","oz","lb","in","ft","mi","fl oz","pt","gal"],"metadata":{"hints":["0.005km0.005km,\u0026nbsp;500cm500cm,\u0026nbsp;5000mm5000mm\u0026nbsp;16.40ft16.40ft,\u0026nbsp;196.8in196.8in\u0026nbsp;would all be acceptable."],"correct_feedback":"That's correct!","incorrect_feedback":"Nope, try again."},"ui_style":{"type":"floating-keyboard"},"feedback_attempts":2,"instant_feedback":true},"metadata":null}