{"type":"clozetext","widget_type":"response","reference":"8698d332-1ed4-4fcc-ab87-182579389ca0","data":{"stimulus":"Complete the opening from\u0026nbsp;\u003cem\u003eThe Hitchhiker's Guide to the Galaxy\u003c/em\u003e.","template":"\"Far out in the uncharted\u0026nbsp;{{response}}\u0026nbsp;of the unfashionable end of the\u0026nbsp;{{response}}\u0026nbsp;Spiral arm of the Galaxy lies a small unregarded yellow sun. Orbiting this at a distance of roughly\u0026nbsp;{{response}}\u0026nbsp;million miles is an utterly insignificant little blu-green planet whose ape-descended life forms are so amazingly\u0026nbsp;{{response}}\u0026nbsp;that they still think\u0026nbsp;{{response}}\u0026nbsp;are a pretty neat idea.\"","type":"clozetext","validation":{"scoring_type":"exactMatch","valid_response":{"score":5,"value":["backwaters","Western","ninety-eight","primitive","digital watches"]},"alt_responses":[{"score":5,"value":["backwaters","Western","98","primitive","digital watches"]}]},"metadata":{"correct_feedback":"You did do your reading! Congrats!","incorrect_feedback":"Read the first page of the assigned reading and try again.","hints":["backwaters, Western, ninety-eight or 98, primitive, digital watches"]},"feedback_attempts":2,"instant_feedback":true},"metadata":null}