{"type":"imageclozeassociationV2","widget_type":"response","reference":"87763e0f-7475-43c4-881f-4ac2c3b2eaf7","data":{"image":{"src":"https://assets.learnosity.com/organisations/427/9206a17d-12ee-44f2-8dd4-0797335fce10.png","width":1500,"height":740},"possible_responses":["North America","South America","Asia","Africa","Australia","Antartica","Europe"],"response_containers":[{"x":10.96,"y":23.58,"width":"13.22%","height":"13.60%","aria_label":"","pointer":"undefined"},{"x":23.8,"y":55.01,"width":"11.74%","height":"14.42%","aria_label":"","pointer":"undefined"},{"x":69.25,"y":21.95,"width":"8.27%","height":"10.35%","aria_label":"","pointer":"undefined"},{"x":42,"y":35,"aria_label":"","width":"10.16%","height":"9.49%","pointer":"none"},{"x":77,"y":60,"aria_label":"","width":"11.43%","height":"10.30%","pointer":"none"},{"x":48,"y":13,"aria_label":"","width":"9.89%","height":"9.21%","pointer":"none"},{"x":42,"y":87,"aria_label":"","width":"15.78%","height":"10.84%","pointer":"none"}],"stimulus":"Label the seven major continents.","type":"imageclozeassociationV2","case_sensitive":true,"validation":{"scoring_type":"exactMatch","valid_response":{"score":1,"value":[["North America"],["South America"],["Asia"],["Africa"],["Australia"],["Europe"],["Antartica"]]}},"metadata":{"correct_feedback":"That's right!","incorrect_feedback":"That's not correct."},"feedback_attempts":2,"instant_feedback":true,"duplicate_responses":true,"shuffle_options":true},"metadata":null}