{"type":"formulaV2","widget_type":"response","reference":"9774630e-2e42-4d94-9281-170f1fde1a2e","data":{"is_math":true,"stimulus":"Enter a number greater than or equal to 36","template":"{{response}}\\ge36","type":"formulaV2","validation":{"scoring_type":"exactMatch","valid_response":{"score":1,"value":[{"method":"isTrue","options":{"decimalPlaces":10}}]}},"metadata":{"correct_feedback":"That's correct!","incorrect_feedback":"That's incorrect."},"ui_style":{"type":"floating-keyboard"},"feedback_attempts":2,"instant_feedback":true},"metadata":null}