{"type":"formulaV2","widget_type":"response","reference":"9efdb9c3-cb04-40a6-9675-ab0c87dae114","data":{"is_math":true,"response_containers":[{"width":"60px"}],"stimulus":"\u003cp\u003eWhat is the\u0026nbsp;\u003cstrong\u003eapproximate\u0026nbsp;\u003c/strong\u003emean for this set of temperatures?\u003c/p\u003e\n\n\u003cp\u003e95°F, 89°F, 91°F, 76°F, 84°F, 92°F, 87°\u003c/p\u003e\n","type":"formulaV2","validation":{"scoring_type":"exactMatch","valid_response":{"score":1,"value":[{"method":"equivSymbolic","options":{"inverseResult":false,"decimalPlaces":10},"value":"87.7\\degree F"}]}},"metadata":{"hints":["\u003cp\u003eThis question has a tolerance of\u0026nbsp;\\(\\pm\\)\u0026nbsp;of 0.2 degrees. Round to one decimal place.\u003c/p\u003e\n\n\u003cp\u003eAnswer: 87.7\u003c/p\u003e\n"],"correct_feedback":"That's correct!","incorrect_feedback":"That's incorrect, try again."},"ui_style":{"type":"floating-keyboard"},"feedback_attempts":200,"instant_feedback":true},"metadata":null}