{"type":"orderlist","widget_type":"response","reference":"a17364b0-10f8-4df3-b29d-bd52a89a816a","data":{"list":["I am the captain of my soul","I am the master of my fate,","How charged with punishments the scroll,","- Invictus -\u0026nbsp;","It matters not how strait the gate,"],"stimulus":"Put the poem in the correct oder","type":"orderlist","validation":{"scoring_type":"exactMatch","valid_response":{"score":1,"value":[4,2,1,0,3]}},"metadata":{"correct_feedback":"Nice job! You must read a lot of poems.","incorrect_feedback":"That's wrong, try again."},"ui_style":{"fontsize":"large","type":"list"},"feedback_attempts":2,"instant_feedback":true,"shuffle_options":true},"metadata":null}