{"type":"formulaV2","widget_type":"response","reference":"a8209e69-9975-4e05-9bd8-5b028d1a0c63","data":{"is_math":true,"stimulus":"Complete the equation so that the two sides are equal.","template":"3x+{{response}}={{response}}+y^2","type":"formulaV2","validation":{"scoring_type":"exactMatch","valid_response":{"score":2,"value":[{"method":"isTrue","options":{"decimalPlaces":10}}]}},"metadata":{"hints":["\u003cp\u003ePossible answers include:\u003c/p\u003e\n\n\u003cp\u003e3x+y2=x+x+x+y23x+y2=x+x+x+y2\u003cbr\u003e\n3x+y×y=x(2x)+y2\u003c/p\u003e\n"],"correct_feedback":"Nice job!","incorrect_feedback":"That's incorrect. Try again."},"ui_style":{"type":"floating-keyboard"},"feedback_attempts":2,"instant_feedback":true},"metadata":null}