{"type":"association","widget_type":"response","reference":"b6b0db82-69f1-4d15-9794-42990400e2ba","data":{"possible_responses":["F. Scott Fitzgerald","Mark Twain","Herman Melville","Jane Austen","C.S. Lewis"],"stimulus":"Match these famous authors with their books.","stimulus_list":["The Great Gatsby","The Adventures of Huckleberry Finn","Narnia","Moby-Dick","Emma","The Screwtape Letters"],"type":"association","validation":{"scoring_type":"exactMatch","valid_response":{"score":6,"value":["F. Scott Fitzgerald","Mark Twain","C.S. Lewis","Herman Melville","Jane Austen","C.S. Lewis"]}},"metadata":{"correct_feedback":"You know your authors well!","incorrect_feedback":"Maybe try looking it up on Google."},"feedback_attempts":2,"instant_feedback":true,"duplicate_responses":true},"metadata":{"name":"Match list","template_reference":"1fa22aac-1f88-47f7-941b-3c77759549e6"}}