{"type":"formulaV2","widget_type":"response","reference":"c6e3ad64-c95f-48a4-8ca7-1942bbb71841","data":{"is_math":true,"stimulus":"\u003cp\u003eAllen (\u003cstrong\u003ea\u003c/strong\u003e) has twice as much money as Barb (\u003cstrong\u003eb\u003c/strong\u003e).\u003c/p\u003e\n\n\u003cp\u003eExpress\u0026nbsp;as an equation:\u003c/p\u003e\n","template":"\\ b=\\frac{{{response}}}{2}","type":"formulaV2","validation":{"scoring_type":"exactMatch","valid_response":{"score":1,"value":[{"method":"equivSymbolic","options":{"inverseResult":false,"decimalPlaces":10},"value":"b=\\frac{a}{2}"}]}},"metadata":{"correct_feedback":"Nice job!","incorrect_feedback":"That's wrong."},"ui_style":{"type":"floating-keyboard"},"feedback_attempts":2,"instant_feedback":true},"metadata":{"name":"Math formula","template_reference":"e3a30485-ab2d-4ee8-9d0c-5749e96816c1"}}