{"type":"imageclozedropdown","widget_type":"response","reference":"cca20b08-94b7-4873-a697-3ccb24976634","data":{"image":{"src":"//assets.learnosity.com/demos/docs/blank_us_map_v2.png"},"possible_responses":[["New Mexico","Utah","Nevada"],["North Dakota","South Dakota","Oklahoma"],["Georgia","Louisiana","Alabama"]],"response_container":{"pointer":"left","vertical_top":true},"response_positions":[{"x":12.32,"y":35.91},{"x":44.12,"y":24.63},{"x":66.73,"y":64.39}],"stimulus":"Label the correct state.","type":"imageclozedropdown","case_sensitive":true,"validation":{"scoring_type":"exactMatch","valid_response":{"score":3,"value":["Nevada","South Dakota","Alabama"]}},"metadata":{"correct_feedback":"Nice job!","incorrect_feedback":"Look at a map of the U.S. and try again."},"feedback_attempts":2,"instant_feedback":true,"aria_labels":["","",""],"shuffle_options":true},"metadata":null}