{"type":"imageclozeformula","widget_type":"response","reference":"cdcbda6c-f9de-4a26-8cec-e49b1adec75c","data":{"image":{"src":"https://assets.learnosity.com/organisations/427/f8e0da61-2b82-4ed3-9da6-66fd8ff579a9.png"},"response_container":{"vertical_top":true},"response_containers":[{"template":"","width":"60px"}],"response_positions":[{"x":77.59,"y":77.86},{"x":8.91,"y":3.44},{"x":50.29,"y":42.37}],"type":"imageclozeformula","ui_style":{"type":"floating-keyboard"},"stimulus":"Part 1: Use the protractor to calculate the angles.\u003cbr\u003e\nPart 2: Determine the length of the hypotenuse.","validation":{"scoring_type":"partialMatch","valid_response":{"score":1,"value":[[{"method":"equivSymbolic","value":"50","options":{"inverseResult":false,"decimalPlaces":10}}],[{"method":"equivSymbolic","value":"40","options":{"decimalPlaces":10}}],[{"method":"equivSymbolic","value":"7.81\\pm0.01","options":{"decimalPlaces":10}}]]}},"is_math":true,"metadata":{"hints":["Angle values are: z = 50 and y = 40 degrees. Values can also have tolerances or be specified in formula format. The Hypotenuse value is 7.81\u0026nbsp;±0.01±0.01\u0026nbsp;but\u0026nbsp;52+62−−−−−−√52+62\u0026nbsp;will also be accepted!"],"correct_feedback":"Nice job!","incorrect_feedback":"That's incorrect."},"feedback_attempts":2,"instant_feedback":true},"metadata":{"name":"Cloze math with image","template_reference":"11c9093a-dfd3-4852-b1ee-d5e5c3f032df"}}