{"type":"clozeassociation","widget_type":"response","reference":"d06d953f-e957-41a4-bbdb-6c5bc8aed5fe","data":{"possible_responses":["1","4","9"],"response_container":{"pointer":"left"},"stimulus":"Complete the table below.","template":"\u003ctable class=\"table table-bordered\"\u003e\n\t\u003cthead\u003e\n\t\t\u003ctr\u003e\n\t\t\t\u003cth scope=\"row\"\u003eMultiply\u003c/th\u003e\n\t\t\t\u003cth scope=\"col\"\u003e_ x 1\u003c/th\u003e\n\t\t\t\u003cth scope=\"col\"\u003e_ x 2\u003c/th\u003e\n\t\t\t\u003cth scope=\"col\"\u003e_ x 3\u003c/th\u003e\n\t\t\u003c/tr\u003e\n\t\u003c/thead\u003e\n\t\u003ctbody\u003e\n\t\t\u003ctr\u003e\n\t\t\t\u003cth scope=\"row\"\u003e\n\t\t\t\u003cp\u003e1 x _\u003c/p\u003e\n\t\t\t\u003c/th\u003e\n\t\t\t\u003ctd\u003e{{response}}\u003c/td\u003e\n\t\t\t\u003ctd\u003e2\u003c/td\u003e\n\t\t\t\u003ctd\u003e3\u003c/td\u003e\n\t\t\u003c/tr\u003e\n\t\t\u003ctr\u003e\n\t\t\t\u003cth scope=\"row\"\u003e2 x _\u003c/th\u003e\n\t\t\t\u003ctd\u003e2\u003c/td\u003e\n\t\t\t\u003ctd\u003e{{response}}\u003c/td\u003e\n\t\t\t\u003ctd\u003e6\u003c/td\u003e\n\t\t\u003c/tr\u003e\n\t\t\u003ctr\u003e\n\t\t\t\u003cth scope=\"row\"\u003e3 x _\u003c/th\u003e\n\t\t\t\u003ctd\u003e3\u003c/td\u003e\n\t\t\t\u003ctd\u003e6\u003c/td\u003e\n\t\t\t\u003ctd\u003e{{response}}\u003c/td\u003e\n\t\t\u003c/tr\u003e\n\t\u003c/tbody\u003e\n\u003c/table\u003e\n\n\u003cp\u003e\u0026nbsp;\u003c/p\u003e\n","type":"clozeassociation","case_sensitive":true,"validation":{"scoring_type":"partialMatch","valid_response":{"score":3,"value":["1","4","9"]}},"metadata":{"correct_feedback":"That's right!","incorrect_feedback":"Try again, that's wrong."},"feedback_attempts":2,"instant_feedback":true,"duplicate_responses":true,"shuffle_options":true},"metadata":{"name":"Cloze with drag \u0026 drop","template_reference":"51a8c1e7-f34f-4faf-b211-da458e891fcb"}}