{"type":"simpleshading","widget_type":"response","reference":"d88295c9-e7d0-401a-86db-640056ac43a2","data":{"canvas":{"column_count":6,"row_count":4},"stimulus":"Represent this fraction\u0026nbsp;\\(\\frac{1}{4}\\)","type":"simpleshading","validation":{"scoring_type":"exactMatch","valid_response":{"score":6,"value":{"method":"byCount","value":6}}},"is_math":true,"metadata":{"correct_feedback":"Nice job!","incorrect_feedback":"Nope, try again."},"feedback_attempts":2,"instant_feedback":true},"metadata":null}