{"type":"orderlist","widget_type":"response","reference":"e5232817-aee2-460f-8291-3f88a26fe5b8","data":{"list":["when Aslan comes in sight,","at the sound of his roar","and when he shakes his mane,","Wrong will be right","winter meets its death,","we shall have spring again.","when he bares his teeth,","sorrows will be no more,"],"stimulus":"Put this famous passage from Narnia in order.","type":"orderlist","validation":{"scoring_type":"partialMatch","valid_response":{"score":8,"value":[3,0,1,7,6,4,2,5]}},"metadata":{"hints":["“Wrong will be right, when Aslan comes in sight, At the sound of his roar, sorrows will be no more, When he bares his teeth, winter meets its death, And when he shakes his mane, we shall have spring again.”\u0026nbsp;\u003cbr\u003e\n―\u0026nbsp;C.S. Lewis"],"correct_feedback":"Nice job!","incorrect_feedback":"Thats wrong, try again."},"ui_style":{"type":"inline"},"feedback_attempts":5,"instant_feedback":true,"shuffle_options":true},"metadata":{"name":"Order list","template_reference":"0c7f68f7-2be6-4ae0-8492-0ab78c8d0010"}}