{"type":"mcq","widget_type":"response","reference":"ea45b6be-61a3-487c-8f6d-f1660e01753a","data":{"options":[{"label":"Red","value":"0"},{"label":"Green","value":"1"},{"label":"Pink","value":"2"},{"label":"Yellow","value":"3"}],"stimulus":"Which color has the largest wavelength?","type":"mcq","ui_style":{"choice_label":"upper-alpha","type":"block","columns":2,"orientation":"horizontal"},"validation":{"scoring_type":"exactMatch","valid_response":{"score":1,"value":["0"]}},"metadata":{"correct_feedback":"Nice job, that's correct!","incorrect_feedback":"That's incorrect, try again."},"feedback_attempts":2,"instant_feedback":true,"shuffle_options":true},"metadata":null}