{"type":"classification","widget_type":"response","reference":"f228ae55-c630-4548-9da9-97547387a36c","data":{"possible_responses":["\u003cimg height=\"76\" src=\"___EXPORT_ROOT___/assets/58805933-d940-4a7a-893d-def842d6f67f.png\" width=\"74\"\u003e","\u003cimg height=\"82\" src=\"___EXPORT_ROOT___/assets/5080a868-bde7-4b2a-a228-1484961295d8.png\" width=\"74\"\u003e","\u003cimg height=\"61\" src=\"___EXPORT_ROOT___/assets/27f210e9-5415-474c-b86d-1be695e17e1b.png\" width=\"74\"\u003e","\u003cimg height=\"74\" src=\"___EXPORT_ROOT___/assets/2e5758a0-1ea5-4c82-9531-c40fd232f739.png\" width=\"74\"\u003e"],"stimulus":"Drag each triangle to the correct category.","type":"classification","ui_style":{"column_count":2,"column_titles":["All sides equivalent","Not all sides equivalent"],"row_count":2,"row_titles":["Right angle","No right angle"]},"validation":{"scoring_type":"partialMatch","valid_response":{"score":1,"value":[[3],[0],[2],[1]]}},"metadata":{"correct_feedback":"Nice job!","incorrect_feedback":"That's incorrect."},"feedback_attempts":2,"instant_feedback":true,"shuffle_options":true},"metadata":{"name":"Classification","template_reference":"ef2648de-f826-4674-b17d-71e71889d8e6"}}