{"type":"classification","widget_type":"response","reference":"f228ae55-c630-4548-9da9-97547387a36c","data":{"possible_responses":["\u003cimg height=\"76\" src=\"___EXPORT_ROOT___/assets/9048e90f-4f83-441f-96ee-e51e9616038a.png\" width=\"74\"\u003e","\u003cimg height=\"82\" src=\"___EXPORT_ROOT___/assets/46027e67-3fe4-415f-bf35-238e16fc5aab.png\" width=\"74\"\u003e","\u003cimg height=\"61\" src=\"___EXPORT_ROOT___/assets/f9de0a70-5162-4994-892d-73ff65ca42fd.png\" width=\"74\"\u003e","\u003cimg height=\"74\" src=\"___EXPORT_ROOT___/assets/629a6577-acc5-4f2f-80ed-bf3f9c23fa09.png\" width=\"74\"\u003e"],"stimulus":"Drag each triangle to the correct category.","type":"classification","ui_style":{"column_count":2,"column_titles":["All sides equivalent","Not all sides equivalent"],"row_count":2,"row_titles":["Right angle","No right angle"]},"validation":{"scoring_type":"exactMatch","valid_response":{"score":1,"value":[[3],[0],[2],[1]]}},"metadata":{"correct_feedback":"Nice job!","incorrect_feedback":"That's incorrect."},"feedback_attempts":2,"instant_feedback":true,"shuffle_options":true},"metadata":null}