{"reference":"131cd1a6-68d9-46c7-a208-1fef0913c3e9","title":"Short answer for Week 1 - Making a change","workflow":null,"metadata":null,"note":null,"source":null,"definition":{"widgets":[{"reference":"4aec328d-6306-4ee6-b9de-803c9519d907"}],"template":"dynamic"},"description":"","status":"published","questions":[{"reference":"4aec328d-6306-4ee6-b9de-803c9519d907","type":"shorttext"}],"features":[],"tags":{"canvas_root_account_id":["1"],"canvas_term_name":["Default Term"],"tool_consumer_instance_guid":["4MRcxnx6vQbFXxhLb8005m5WXFM2Z2i8lQwhJ1QT:canvas-lms"],"canvas_api_domain":["atomicjolt.instructure.com"],"tool_consumer_instance_name":["Atomic Jolt"],"canvas_account_id":["1"],"canvas_account_name":["Atomic Jolt"],"context_label":["aj_playground"],"context_title":["Atomic Jolt Playground"],"context_id":["025de28fdef9773b7bcadc184ba0c9c0c36accd2"],"tool_consumer_instance_guid_context_id":["025de28fdef9773b7bcadc184ba0c9c0c36accd2_4MRcxnx6vQbFXxhLb8005m5WXFM2Z2i8lQwhJ1QT:canvas-lms"],"canvas_course_id":["2556"]},"max_score":7}