{"reference":"1b3b908e-cc4e-43f9-b2ad-8ebe09d5605a","title":"Drag \u0026 Drop q2","workflow":null,"metadata":null,"note":null,"source":null,"definition":{"widgets":[{"reference":"87763e0f-7475-43c4-881f-4ac2c3b2eaf7"}],"template":"dynamic"},"description":"","status":"published","questions":[{"reference":"87763e0f-7475-43c4-881f-4ac2c3b2eaf7","type":"imageclozeassociationV2"}],"features":[],"tags":{"canvas_root_account_id":["1"],"canvas_term_name":["Default Term"],"tool_consumer_instance_guid":["4MRcxnx6vQbFXxhLb8005m5WXFM2Z2i8lQwhJ1QT:canvas-lms"],"canvas_api_domain":["atomicjolt.instructure.com"],"tool_consumer_instance_name":["Atomic Jolt"],"canvas_account_id":["1"],"canvas_account_name":["Atomic Jolt"],"context_label":["aj_playground"],"context_title":["Atomic Jolt Playground"],"context_id":["025de28fdef9773b7bcadc184ba0c9c0c36accd2"],"tool_consumer_instance_guid_context_id":["025de28fdef9773b7bcadc184ba0c9c0c36accd2_4MRcxnx6vQbFXxhLb8005m5WXFM2Z2i8lQwhJ1QT:canvas-lms"],"canvas_course_id":["2556"]}}