{"reference":"31557c14-d00d-402b-9b66-ec1b401c9054","title":"Highlight q3","workflow":null,"metadata":null,"note":null,"source":null,"definition":{"widgets":[{"reference":"16e38c2e-d0d0-49e9-b287-57392ecea0b9"}],"template":"dynamic"},"description":"","status":"published","questions":[{"reference":"16e38c2e-d0d0-49e9-b287-57392ecea0b9","type":"tokenhighlight"}],"features":[],"tags":{"canvas_root_account_id":["1"],"canvas_term_name":["Default Term"],"tool_consumer_instance_guid":["4MRcxnx6vQbFXxhLb8005m5WXFM2Z2i8lQwhJ1QT:canvas-lms"],"canvas_api_domain":["atomicjolt.instructure.com"],"tool_consumer_instance_name":["Atomic Jolt"],"canvas_account_id":["1"],"canvas_account_name":["Atomic Jolt"],"context_label":["aj_playground"],"context_title":["Atomic Jolt Playground"],"context_id":["025de28fdef9773b7bcadc184ba0c9c0c36accd2"],"tool_consumer_instance_guid_context_id":["025de28fdef9773b7bcadc184ba0c9c0c36accd2_4MRcxnx6vQbFXxhLb8005m5WXFM2Z2i8lQwhJ1QT:canvas-lms"],"canvas_course_id":["2556"]},"max_score":169}