{"reference":"36a4368a-6bbd-4d1f-a701-b6d9e1d3af22","title":"Match \u0026 Order q2","workflow":null,"metadata":null,"note":null,"source":null,"definition":{"widgets":[{"reference":"3e0af435-eca8-4e7b-b829-989c7c312356"}],"template":"dynamic"},"description":"","status":"published","questions":[{"reference":"3e0af435-eca8-4e7b-b829-989c7c312356","type":"orderlist"}],"features":[],"tags":{"canvas_root_account_id":["1"],"canvas_term_name":["Default Term"],"tool_consumer_instance_guid":["4MRcxnx6vQbFXxhLb8005m5WXFM2Z2i8lQwhJ1QT:canvas-lms"],"canvas_api_domain":["atomicjolt.instructure.com"],"tool_consumer_instance_name":["Atomic Jolt"],"canvas_account_id":["1"],"canvas_account_name":["Atomic Jolt"],"context_label":["aj_playground"],"context_title":["Atomic Jolt Playground"],"context_id":["025de28fdef9773b7bcadc184ba0c9c0c36accd2"],"tool_consumer_instance_guid_context_id":["025de28fdef9773b7bcadc184ba0c9c0c36accd2_4MRcxnx6vQbFXxhLb8005m5WXFM2Z2i8lQwhJ1QT:canvas-lms"],"canvas_course_id":["2556"]}}