{"reference":"372caa4c-b867-4f75-bbff-fec58cc2c548","title":"Math \u0026 Formula q3","workflow":null,"metadata":null,"note":null,"source":null,"definition":{"widgets":[{"reference":"a8209e69-9975-4e05-9bd8-5b028d1a0c63"}],"template":"dynamic"},"description":"","status":"published","questions":[{"reference":"a8209e69-9975-4e05-9bd8-5b028d1a0c63","type":"formulaV2"}],"features":[],"tags":{"canvas_root_account_id":["1"],"canvas_term_name":["Default Term"],"tool_consumer_instance_guid":["4MRcxnx6vQbFXxhLb8005m5WXFM2Z2i8lQwhJ1QT:canvas-lms"],"canvas_api_domain":["atomicjolt.instructure.com"],"tool_consumer_instance_name":["Atomic Jolt"],"canvas_account_id":["1"],"question_type":["math_formula"],"canvas_account_name":["Atomic Jolt"],"context_label":["aj_playground"],"context_title":["Atomic Jolt Playground"],"context_id":["025de28fdef9773b7bcadc184ba0c9c0c36accd2"],"tool_consumer_instance_guid_context_id":["025de28fdef9773b7bcadc184ba0c9c0c36accd2_4MRcxnx6vQbFXxhLb8005m5WXFM2Z2i8lQwhJ1QT:canvas-lms"],"canvas_course_id":["2556"]},"max_score":2}