{"reference":"3c78ff5c-1f49-4030-a88d-9ff08f469f3e","title":"Match \u0026 Order q3","workflow":null,"metadata":null,"note":null,"source":null,"definition":{"widgets":[{"reference":"a17364b0-10f8-4df3-b29d-bd52a89a816a"}],"template":"dynamic"},"description":"","status":"published","questions":[{"reference":"a17364b0-10f8-4df3-b29d-bd52a89a816a","type":"orderlist"}],"features":[],"tags":{"canvas_root_account_id":["1"],"canvas_term_name":["Default Term"],"tool_consumer_instance_guid":["4MRcxnx6vQbFXxhLb8005m5WXFM2Z2i8lQwhJ1QT:canvas-lms"],"canvas_api_domain":["atomicjolt.instructure.com"],"tool_consumer_instance_name":["Atomic Jolt"],"canvas_account_id":["1"],"canvas_account_name":["Atomic Jolt"],"context_label":["aj_playground"],"context_title":["Atomic Jolt Playground"],"context_id":["025de28fdef9773b7bcadc184ba0c9c0c36accd2"],"tool_consumer_instance_guid_context_id":["025de28fdef9773b7bcadc184ba0c9c0c36accd2_4MRcxnx6vQbFXxhLb8005m5WXFM2Z2i8lQwhJ1QT:canvas-lms"],"canvas_course_id":["2556"]}}