{"reference":"49d81ebe-dbf6-48af-8efe-9c29394148e5","title":"Math \u0026 Formula q9","workflow":null,"metadata":null,"note":null,"source":null,"definition":{"type":"root","regions":[{"type":"column","widgets":[{"reference":"cdcbda6c-f9de-4a26-8cec-e49b1adec75c"}],"width":70},{"type":"column","widgets":[{"reference":"94125e88-be37-40c7-a26d-cf2e70badbe1"}],"width":30}],"template":"dynamic"},"description":"","status":"published","questions":[{"reference":"cdcbda6c-f9de-4a26-8cec-e49b1adec75c","type":"imageclozeformula"}],"features":[{"reference":"94125e88-be37-40c7-a26d-cf2e70badbe1","type":"imagetool"}],"tags":{"canvas_root_account_id":["1"],"canvas_term_name":["Default Term"],"tool_consumer_instance_guid":["4MRcxnx6vQbFXxhLb8005m5WXFM2Z2i8lQwhJ1QT:canvas-lms"],"canvas_api_domain":["atomicjolt.instructure.com"],"tool_consumer_instance_name":["Atomic Jolt"],"canvas_account_id":["1"],"question_type":["math_formula"],"canvas_account_name":["Atomic Jolt"],"context_label":["aj_playground"],"context_title":["Atomic Jolt Playground"],"context_id":["025de28fdef9773b7bcadc184ba0c9c0c36accd2"],"tool_consumer_instance_guid_context_id":["025de28fdef9773b7bcadc184ba0c9c0c36accd2_4MRcxnx6vQbFXxhLb8005m5WXFM2Z2i8lQwhJ1QT:canvas-lms"],"canvas_course_id":["2556"]},"max_score":3}