{"reference":"4ab1efba-6dff-42e3-a16b-c0f7e6df7a9a","title":"Fill in the blank q2","workflow":null,"metadata":null,"note":null,"source":null,"definition":{"widgets":[{"reference":"8698d332-1ed4-4fcc-ab87-182579389ca0"}],"template":"dynamic"},"description":"","status":"published","questions":[{"reference":"8698d332-1ed4-4fcc-ab87-182579389ca0","type":"clozetext"}],"features":[],"tags":{"canvas_root_account_id":["1"],"canvas_term_name":["Default Term"],"tool_consumer_instance_guid":["4MRcxnx6vQbFXxhLb8005m5WXFM2Z2i8lQwhJ1QT:canvas-lms"],"canvas_api_domain":["atomicjolt.instructure.com"],"tool_consumer_instance_name":["Atomic Jolt"],"canvas_account_id":["1"],"question_type":["fill_in_the_blank"],"canvas_account_name":["Atomic Jolt"],"context_label":["aj_playground"],"context_title":["Atomic Jolt Playground"],"context_id":["025de28fdef9773b7bcadc184ba0c9c0c36accd2"],"tool_consumer_instance_guid_context_id":["025de28fdef9773b7bcadc184ba0c9c0c36accd2_4MRcxnx6vQbFXxhLb8005m5WXFM2Z2i8lQwhJ1QT:canvas-lms"],"canvas_course_id":["2556"]},"max_score":25}