{"reference":"513fa34e-cdca-4e6a-b6ec-8dabb89cff2e","title":"Math \u0026 Formula q10","workflow":null,"metadata":null,"note":null,"source":null,"definition":{"widgets":[{"reference":"c6e3ad64-c95f-48a4-8ca7-1942bbb71841"},{"reference":"57767e10-a3b7-4857-be50-7278e3086724"}],"template":"dynamic"},"description":"","status":"published","questions":[{"reference":"c6e3ad64-c95f-48a4-8ca7-1942bbb71841","type":"formulaV2"},{"reference":"57767e10-a3b7-4857-be50-7278e3086724","type":"formulaV2"}],"features":[],"tags":{"canvas_root_account_id":["1"],"canvas_term_name":["Default Term"],"tool_consumer_instance_guid":["4MRcxnx6vQbFXxhLb8005m5WXFM2Z2i8lQwhJ1QT:canvas-lms"],"canvas_api_domain":["atomicjolt.instructure.com"],"tool_consumer_instance_name":["Atomic Jolt"],"canvas_account_id":["1"],"question_type":["math_formula"],"canvas_account_name":["Atomic Jolt"],"context_label":["aj_playground"],"context_title":["Atomic Jolt Playground"],"context_id":["025de28fdef9773b7bcadc184ba0c9c0c36accd2"],"tool_consumer_instance_guid_context_id":["025de28fdef9773b7bcadc184ba0c9c0c36accd2_4MRcxnx6vQbFXxhLb8005m5WXFM2Z2i8lQwhJ1QT:canvas-lms"],"canvas_course_id":["2556"]}}