{"reference":"61b200ea-53aa-4b45-96f6-1aa8befe6602","title":"Math \u0026 Formula q1","workflow":null,"metadata":null,"note":null,"source":null,"definition":{"widgets":[{"reference":"1df61f13-5390-485d-9e29-77af4f4d8552"}],"template":"dynamic"},"description":"","status":"published","questions":[{"reference":"1df61f13-5390-485d-9e29-77af4f4d8552","type":"formulaV2"}],"features":[],"tags":{"canvas_root_account_id":["1"],"canvas_term_name":["Default Term"],"tool_consumer_instance_guid":["4MRcxnx6vQbFXxhLb8005m5WXFM2Z2i8lQwhJ1QT:canvas-lms"],"canvas_api_domain":["atomicjolt.instructure.com"],"tool_consumer_instance_name":["Atomic Jolt"],"canvas_account_id":["1"],"question_type":["math_formula"],"canvas_account_name":["Atomic Jolt"],"context_label":["aj_playground"],"context_title":["Atomic Jolt Playground"],"context_id":["025de28fdef9773b7bcadc184ba0c9c0c36accd2"],"tool_consumer_instance_guid_context_id":["025de28fdef9773b7bcadc184ba0c9c0c36accd2_4MRcxnx6vQbFXxhLb8005m5WXFM2Z2i8lQwhJ1QT:canvas-lms"],"canvas_course_id":["2556"]},"max_score":1}