{"reference":"69170cb6-e66c-495f-94e8-5c8443165ce3","title":"Highlight q2","workflow":null,"metadata":null,"note":null,"source":null,"definition":{"widgets":[{"reference":"d88295c9-e7d0-401a-86db-640056ac43a2"}],"template":"dynamic"},"description":"","status":"published","questions":[{"reference":"d88295c9-e7d0-401a-86db-640056ac43a2","type":"simpleshading"}],"features":[],"tags":{"canvas_root_account_id":["1"],"canvas_term_name":["Default Term"],"tool_consumer_instance_guid":["4MRcxnx6vQbFXxhLb8005m5WXFM2Z2i8lQwhJ1QT:canvas-lms"],"canvas_api_domain":["atomicjolt.instructure.com"],"tool_consumer_instance_name":["Atomic Jolt"],"canvas_account_id":["1"],"canvas_account_name":["Atomic Jolt"],"context_label":["aj_playground"],"context_title":["Atomic Jolt Playground"],"context_id":["025de28fdef9773b7bcadc184ba0c9c0c36accd2"],"tool_consumer_instance_guid_context_id":["025de28fdef9773b7bcadc184ba0c9c0c36accd2_4MRcxnx6vQbFXxhLb8005m5WXFM2Z2i8lQwhJ1QT:canvas-lms"],"canvas_course_id":["2556"]}}