{"reference":"69574d0a-3b4e-464a-b4ec-75ab0ce6c700","title":"Math \u0026 Formula q4","workflow":null,"metadata":null,"note":null,"source":null,"definition":{"widgets":[{"reference":"9774630e-2e42-4d94-9281-170f1fde1a2e"}],"template":"dynamic"},"description":"","status":"published","questions":[{"reference":"9774630e-2e42-4d94-9281-170f1fde1a2e","type":"formulaV2"}],"features":[],"tags":{"canvas_root_account_id":["1"],"canvas_term_name":["Default Term"],"tool_consumer_instance_guid":["4MRcxnx6vQbFXxhLb8005m5WXFM2Z2i8lQwhJ1QT:canvas-lms"],"canvas_api_domain":["atomicjolt.instructure.com"],"tool_consumer_instance_name":["Atomic Jolt"],"canvas_account_id":["1"],"question_type":["math_formula"],"canvas_account_name":["Atomic Jolt"],"context_label":["aj_playground"],"context_title":["Atomic Jolt Playground"],"context_id":["025de28fdef9773b7bcadc184ba0c9c0c36accd2"],"tool_consumer_instance_guid_context_id":["025de28fdef9773b7bcadc184ba0c9c0c36accd2_4MRcxnx6vQbFXxhLb8005m5WXFM2Z2i8lQwhJ1QT:canvas-lms"],"canvas_course_id":["2556"]},"max_score":1}