{"reference":"6a76f774-134f-4faf-a4d6-20c69df11849","title":"Match \u0026 Order q4","workflow":null,"metadata":null,"note":null,"source":null,"definition":{"widgets":[{"reference":"e5232817-aee2-460f-8291-3f88a26fe5b8"}],"template":"dynamic"},"description":"","status":"published","questions":[{"reference":"e5232817-aee2-460f-8291-3f88a26fe5b8","type":"orderlist"}],"features":[],"tags":{"canvas_root_account_id":["1"],"canvas_term_name":["Default Term"],"tool_consumer_instance_guid":["4MRcxnx6vQbFXxhLb8005m5WXFM2Z2i8lQwhJ1QT:canvas-lms"],"canvas_api_domain":["atomicjolt.instructure.com"],"tool_consumer_instance_name":["Atomic Jolt"],"canvas_account_id":["1"],"canvas_account_name":["Atomic Jolt"],"context_label":["aj_playground"],"context_title":["Atomic Jolt Playground"],"context_id":["025de28fdef9773b7bcadc184ba0c9c0c36accd2"],"tool_consumer_instance_guid_context_id":["025de28fdef9773b7bcadc184ba0c9c0c36accd2_4MRcxnx6vQbFXxhLb8005m5WXFM2Z2i8lQwhJ1QT:canvas-lms"],"canvas_course_id":["2556"]},"max_score":64}