{"reference":"912e5f68-1c26-4f92-bdd7-28ddb5f84a7d","title":"Drag \u0026 Drop q1","workflow":null,"metadata":null,"note":null,"source":null,"definition":{"widgets":[{"reference":"f228ae55-c630-4548-9da9-97547387a36c"}],"template":"dynamic"},"description":"","status":"published","questions":[{"reference":"f228ae55-c630-4548-9da9-97547387a36c","type":"classification"}],"features":[],"tags":{"canvas_root_account_id":["1"],"canvas_term_name":["Default Term"],"tool_consumer_instance_guid":["4MRcxnx6vQbFXxhLb8005m5WXFM2Z2i8lQwhJ1QT:canvas-lms"],"canvas_api_domain":["atomicjolt.instructure.com"],"tool_consumer_instance_name":["Atomic Jolt"],"canvas_account_id":["1"],"canvas_account_name":["Atomic Jolt"],"context_label":["aj_playground"],"context_title":["Atomic Jolt Playground"],"context_id":["025de28fdef9773b7bcadc184ba0c9c0c36accd2"],"tool_consumer_instance_guid_context_id":["025de28fdef9773b7bcadc184ba0c9c0c36accd2_4MRcxnx6vQbFXxhLb8005m5WXFM2Z2i8lQwhJ1QT:canvas-lms"],"canvas_course_id":["2556"]}}