{"reference":"929f7c84-0b7e-46b2-830e-8d173987bdc9","title":"Fill in the blank (cloze) q3","workflow":null,"metadata":null,"note":null,"source":null,"definition":{"widgets":[{"reference":"cca20b08-94b7-4873-a697-3ccb24976634"}],"template":"dynamic"},"description":"","status":"published","questions":[{"reference":"cca20b08-94b7-4873-a697-3ccb24976634","type":"imageclozedropdown"}],"features":[],"tags":{"canvas_root_account_id":["1"],"canvas_term_name":["Default Term"],"tool_consumer_instance_guid":["4MRcxnx6vQbFXxhLb8005m5WXFM2Z2i8lQwhJ1QT:canvas-lms"],"canvas_api_domain":["atomicjolt.instructure.com"],"tool_consumer_instance_name":["Atomic Jolt"],"canvas_account_id":["1"],"question_type":["fill_in_the_blank"],"canvas_account_name":["Atomic Jolt"],"context_label":["aj_playground"],"context_title":["Atomic Jolt Playground"],"context_id":["025de28fdef9773b7bcadc184ba0c9c0c36accd2"],"tool_consumer_instance_guid_context_id":["025de28fdef9773b7bcadc184ba0c9c0c36accd2_4MRcxnx6vQbFXxhLb8005m5WXFM2Z2i8lQwhJ1QT:canvas-lms"],"canvas_course_id":["2556"]},"max_score":9}