{"reference":"a5ef3441-4cf8-4df4-acf6-1b74f331253e","title":"MCQ q4","workflow":null,"metadata":null,"note":null,"source":null,"definition":{"widgets":[{"reference":"49b2b03d-cc72-42d6-aa1f-b9861f30c343"}],"template":"dynamic"},"description":"","status":"published","questions":[{"reference":"49b2b03d-cc72-42d6-aa1f-b9861f30c343","type":"choicematrix"}],"features":[],"tags":{"canvas_root_account_id":["1"],"canvas_term_name":["Default Term"],"tool_consumer_instance_guid":["4MRcxnx6vQbFXxhLb8005m5WXFM2Z2i8lQwhJ1QT:canvas-lms"],"canvas_api_domain":["atomicjolt.instructure.com"],"tool_consumer_instance_name":["Atomic Jolt"],"canvas_account_id":["1"],"question_type":["mcq"],"canvas_account_name":["Atomic Jolt"],"context_label":["aj_playground"],"context_title":["Atomic Jolt Playground"],"context_id":["025de28fdef9773b7bcadc184ba0c9c0c36accd2"],"tool_consumer_instance_guid_context_id":["025de28fdef9773b7bcadc184ba0c9c0c36accd2_4MRcxnx6vQbFXxhLb8005m5WXFM2Z2i8lQwhJ1QT:canvas-lms"],"canvas_course_id":["2556"]}}