{"reference":"c0010c6d-3ed1-4699-912b-da234b7e47fc","title":"MCQ q3","workflow":null,"metadata":null,"note":null,"source":null,"definition":{"widgets":[{"reference":"1313469c-717d-4a03-b4c3-9abca1e1a7a4"}],"template":"dynamic"},"description":"","status":"published","questions":[{"reference":"1313469c-717d-4a03-b4c3-9abca1e1a7a4","type":"mcq"}],"features":[],"tags":{"canvas_root_account_id":["1"],"canvas_term_name":["Default Term"],"tool_consumer_instance_guid":["4MRcxnx6vQbFXxhLb8005m5WXFM2Z2i8lQwhJ1QT:canvas-lms"],"canvas_api_domain":["atomicjolt.instructure.com"],"tool_consumer_instance_name":["Atomic Jolt"],"canvas_account_id":["1"],"question_type":["mcq"],"canvas_account_name":["Atomic Jolt"],"context_label":["aj_playground"],"context_title":["Atomic Jolt Playground"],"context_id":["025de28fdef9773b7bcadc184ba0c9c0c36accd2"],"tool_consumer_instance_guid_context_id":["025de28fdef9773b7bcadc184ba0c9c0c36accd2_4MRcxnx6vQbFXxhLb8005m5WXFM2Z2i8lQwhJ1QT:canvas-lms"],"canvas_course_id":["2556"]},"max_score":4}