{"reference":"cd71256a-215d-47df-b051-6283280ce853","title":"Match \u0026 Order q1","workflow":null,"metadata":null,"note":null,"source":null,"definition":{"widgets":[{"reference":"b6b0db82-69f1-4d15-9794-42990400e2ba"}],"template":"dynamic"},"description":"","status":"published","questions":[{"reference":"b6b0db82-69f1-4d15-9794-42990400e2ba","type":"association"}],"features":[],"tags":{"canvas_root_account_id":["1"],"canvas_term_name":["Default Term"],"tool_consumer_instance_guid":["4MRcxnx6vQbFXxhLb8005m5WXFM2Z2i8lQwhJ1QT:canvas-lms"],"canvas_api_domain":["atomicjolt.instructure.com"],"tool_consumer_instance_name":["Atomic Jolt"],"canvas_account_id":["1"],"canvas_account_name":["Atomic Jolt"],"context_label":["aj_playground"],"context_title":["Atomic Jolt Playground"],"context_id":["025de28fdef9773b7bcadc184ba0c9c0c36accd2"],"tool_consumer_instance_guid_context_id":["025de28fdef9773b7bcadc184ba0c9c0c36accd2_4MRcxnx6vQbFXxhLb8005m5WXFM2Z2i8lQwhJ1QT:canvas-lms"],"canvas_course_id":["2556"]}}