{"reference":"d567efaf-d987-4ae4-b950-32af13c32e5e","title":"MCQ q2","workflow":null,"metadata":null,"note":null,"source":null,"definition":{"widgets":[{"reference":"ea45b6be-61a3-487c-8f6d-f1660e01753a"}],"template":"dynamic"},"description":"","status":"published","questions":[{"reference":"ea45b6be-61a3-487c-8f6d-f1660e01753a","type":"mcq"}],"features":[],"tags":{"canvas_root_account_id":["1"],"canvas_term_name":["Default Term"],"tool_consumer_instance_guid":["4MRcxnx6vQbFXxhLb8005m5WXFM2Z2i8lQwhJ1QT:canvas-lms"],"canvas_api_domain":["atomicjolt.instructure.com"],"tool_consumer_instance_name":["Atomic Jolt"],"canvas_account_id":["1"],"question_type":["mcq"],"canvas_account_name":["Atomic Jolt"],"context_label":["aj_playground"],"context_title":["Atomic Jolt Playground"],"context_id":["025de28fdef9773b7bcadc184ba0c9c0c36accd2"],"tool_consumer_instance_guid_context_id":["025de28fdef9773b7bcadc184ba0c9c0c36accd2_4MRcxnx6vQbFXxhLb8005m5WXFM2Z2i8lQwhJ1QT:canvas-lms"],"canvas_course_id":["2556"]},"max_score":1}