{"reference":"dd102614-90bb-49d9-bd6a-465262f15a5e","title":"Fill in the blanks (cloze) q1","workflow":null,"metadata":null,"note":null,"source":null,"definition":{"widgets":[{"reference":"d06d953f-e957-41a4-bbdb-6c5bc8aed5fe"}],"template":"dynamic"},"description":"","status":"published","questions":[{"reference":"d06d953f-e957-41a4-bbdb-6c5bc8aed5fe","type":"clozeassociation"}],"features":[],"tags":{"canvas_root_account_id":["1"],"canvas_term_name":["Default Term"],"tool_consumer_instance_guid":["4MRcxnx6vQbFXxhLb8005m5WXFM2Z2i8lQwhJ1QT:canvas-lms"],"canvas_api_domain":["atomicjolt.instructure.com"],"tool_consumer_instance_name":["Atomic Jolt"],"canvas_account_id":["1"],"question_type":["fill_in_the_blank"],"canvas_account_name":["Atomic Jolt"],"context_label":["aj_playground"],"context_title":["Atomic Jolt Playground"],"context_id":["025de28fdef9773b7bcadc184ba0c9c0c36accd2"],"tool_consumer_instance_guid_context_id":["025de28fdef9773b7bcadc184ba0c9c0c36accd2_4MRcxnx6vQbFXxhLb8005m5WXFM2Z2i8lQwhJ1QT:canvas-lms"],"canvas_course_id":["2556"]}}