{"reference":"27e99a7e-6351-4cf3-99f5-b96857f3729d","title":"Revised All Question Types","description":"","data":{"config":{"title":"Revised All Question Types","navigation":{"show_intro":true,"show_outro":true}},"rendering_type":"assess","items":[{"reference":"819200e9-4bbc-4a3a-a579-b0d5325b0cea","organisation_id":427,"id":"819200e9-4bbc-4a3a-a579-b0d5325b0cea"},{"reference":"d567efaf-d987-4ae4-b950-32af13c32e5e","organisation_id":427,"id":"d567efaf-d987-4ae4-b950-32af13c32e5e"},{"reference":"c0010c6d-3ed1-4699-912b-da234b7e47fc","organisation_id":427,"id":"c0010c6d-3ed1-4699-912b-da234b7e47fc"},{"reference":"a5ef3441-4cf8-4df4-acf6-1b74f331253e","organisation_id":427,"id":"a5ef3441-4cf8-4df4-acf6-1b74f331253e"},{"reference":"61b200ea-53aa-4b45-96f6-1aa8befe6602","organisation_id":427,"id":"61b200ea-53aa-4b45-96f6-1aa8befe6602"},{"reference":"61a147eb-232d-4f9b-b9db-50db87036947","organisation_id":427,"id":"61a147eb-232d-4f9b-b9db-50db87036947"},{"reference":"372caa4c-b867-4f75-bbff-fec58cc2c548","organisation_id":427,"id":"372caa4c-b867-4f75-bbff-fec58cc2c548"},{"reference":"69574d0a-3b4e-464a-b4ec-75ab0ce6c700","organisation_id":427,"id":"69574d0a-3b4e-464a-b4ec-75ab0ce6c700"},{"reference":"3130f7de-fac6-4ec4-8e74-c172defb922e","organisation_id":427,"id":"3130f7de-fac6-4ec4-8e74-c172defb922e"},{"reference":"9e149ae5-9301-4b9b-905d-d836f13408b4","organisation_id":427,"id":"9e149ae5-9301-4b9b-905d-d836f13408b4"},{"reference":"ef33fdcc-26c7-4362-8f0d-01ea62cc0902","organisation_id":427,"id":"ef33fdcc-26c7-4362-8f0d-01ea62cc0902"},{"reference":"9b4fcc8d-30f0-429d-9652-4e8da2f598a1","organisation_id":427,"id":"9b4fcc8d-30f0-429d-9652-4e8da2f598a1"},{"reference":"49d81ebe-dbf6-48af-8efe-9c29394148e5","organisation_id":427,"id":"49d81ebe-dbf6-48af-8efe-9c29394148e5"},{"reference":"513fa34e-cdca-4e6a-b6ec-8dabb89cff2e","organisation_id":427,"id":"513fa34e-cdca-4e6a-b6ec-8dabb89cff2e"},{"reference":"912e5f68-1c26-4f92-bdd7-28ddb5f84a7d","organisation_id":427,"id":"912e5f68-1c26-4f92-bdd7-28ddb5f84a7d"},{"reference":"1b3b908e-cc4e-43f9-b2ad-8ebe09d5605a","organisation_id":427,"id":"1b3b908e-cc4e-43f9-b2ad-8ebe09d5605a"},{"reference":"dd102614-90bb-49d9-bd6a-465262f15a5e","organisation_id":427,"id":"dd102614-90bb-49d9-bd6a-465262f15a5e"},{"reference":"4ab1efba-6dff-42e3-a16b-c0f7e6df7a9a","organisation_id":427,"id":"4ab1efba-6dff-42e3-a16b-c0f7e6df7a9a"},{"reference":"929f7c84-0b7e-46b2-830e-8d173987bdc9","organisation_id":427,"id":"929f7c84-0b7e-46b2-830e-8d173987bdc9"},{"reference":"cd71256a-215d-47df-b051-6283280ce853","organisation_id":427,"id":"cd71256a-215d-47df-b051-6283280ce853"},{"reference":"36a4368a-6bbd-4d1f-a701-b6d9e1d3af22","organisation_id":427,"id":"36a4368a-6bbd-4d1f-a701-b6d9e1d3af22"},{"reference":"3c78ff5c-1f49-4030-a88d-9ff08f469f3e","organisation_id":427,"id":"3c78ff5c-1f49-4030-a88d-9ff08f469f3e"},{"reference":"6a76f774-134f-4faf-a4d6-20c69df11849","organisation_id":427,"id":"6a76f774-134f-4faf-a4d6-20c69df11849"},{"reference":"69170cb6-e66c-495f-94e8-5c8443165ce3","organisation_id":427,"id":"69170cb6-e66c-495f-94e8-5c8443165ce3"},{"reference":"31557c14-d00d-402b-9b66-ec1b401c9054","organisation_id":427,"id":"31557c14-d00d-402b-9b66-ec1b401c9054"},{"reference":"131cd1a6-68d9-46c7-a208-1fef0913c3e9","organisation_id":427,"id":"131cd1a6-68d9-46c7-a208-1fef0913c3e9"}]},"status":"published","tags":{"canvas_root_account_id":["1"],"canvas_term_name":["Default Term"],"tool_consumer_instance_guid":["4MRcxnx6vQbFXxhLb8005m5WXFM2Z2i8lQwhJ1QT:canvas-lms"],"canvas_api_domain":["atomicjolt.instructure.com"],"tool_consumer_instance_name":["Atomic Jolt"],"canvas_account_id":["1"],"canvas_account_name":["Atomic Jolt"],"context_label":["aj_playground"],"context_title":["Atomic Jolt Playground"],"context_id":["025de28fdef9773b7bcadc184ba0c9c0c36accd2"],"tool_consumer_instance_guid_context_id":["025de28fdef9773b7bcadc184ba0c9c0c36accd2_4MRcxnx6vQbFXxhLb8005m5WXFM2Z2i8lQwhJ1QT:canvas-lms"],"canvas_course_id":["2556"]},"adaptive":{"difficulty":null,"operational_exposure":null,"seeding_exposure":null}}